ID	TEXT	ANN1	ANN2	ANN1 (neutral)	ANN2 (neutral)	ANN1 (anger)	ANN2 (anger)	ANN1 (disgust)	ANN2 (disgust)	ANN1 (fear)	ANN2 (fear)	ANN1 (joy)	ANN2 (joy)	ANN1 (sadness)	ANN2 (sadness)	ANN1 (surprise)	ANN2 (surprise)
song1-01	In the year of 2525	neutral	neutral	neutral	neutral	noanger	noanger	nodisgust	nodisgust	nofear	nofear	nojoy	nojoy	nosadness	nosadness	nosurprise	nosurprise
song1-02	If man is still alive	fear	fear	noneutral	noneutral	noanger	noanger	nodisgust	nodisgust	fear	fear	nojoy	nojoy	nosadness	nosadness	nosurprise	nosurprise
song1-03	If woman can survive	fear	fear	noneutral	noneutral	noanger	noanger	nodisgust	nodisgust	fear	fear	nojoy	nojoy	nosadness	nosadness	nosurprise	nosurprise
song1-04	They may find	neutral	neutral	neutral	neutral	noanger	noanger	nodisgust	nodisgust	nofear	nofear	nojoy	nojoy	nosadness	nosadness	nosurprise	nosurprise
song1-05	In the year of 3535	neutral	neutral	neutral	neutral	noanger	noanger	nodisgust	nodisgust	nofear	nofear	nojoy	nojoy	nosadness	nosadness	nosurprise	nosurprise
song1-06	"Can't tell the truth, can't tell no lie"	fear	sadness	noneutral	noneutral	noanger	noanger	nodisgust	nodisgust	fear	nofear	nojoy	nojoy	nosadness	sadness	nosurprise	nosurprise
song1-07	"Everything you think, do and say"	fear	neutral	noneutral	neutral	noanger	noanger	nodisgust	nodisgust	fear	nofear	nojoy	nojoy	nosadness	nosadness	nosurprise	nosurprise
song1-08	Is in the pill you took today	fear	sadness	noneutral	noneutral	noanger	noanger	nodisgust	nodisgust	fear	nofear	nojoy	nojoy	nosadness	sadness	nosurprise	nosurprise
song1-09	In the year of 4545	neutral	neutral	neutral	neutral	noanger	noanger	nodisgust	nodisgust	nofear	nofear	nojoy	nojoy	nosadness	nosadness	nosurprise	nosurprise
song1-10	"Won't need no teeth, won't need your eyes"	disgust	fear	noneutral	noneutral	noanger	noanger	disgust	nodisgust	nofear	fear	nojoy	nojoy	nosadness	nosadness	nosurprise	nosurprise
song1-11	Won't find a thing to do	disgust	sadness	noneutral	noneutral	noanger	noanger	disgust	nodisgust	nofear	nofear	nojoy	nojoy	nosadness	sadness	nosurprise	nosurprise
song1-12	Nobody's gonna look at you	disgust	sadness	noneutral	noneutral	noanger	noanger	disgust	nodisgust	nofear	nofear	nojoy	nojoy	nosadness	sadness	nosurprise	nosurprise
song1-13	In the year of 5555	neutral	neutral	neutral	neutral	noanger	noanger	nodisgust	nodisgust	nofear	nofear	nojoy	nojoy	nosadness	nosadness	nosurprise	nosurprise
song1-14	Your arms are hanging limp at your side	disgust	sadness	noneutral	noneutral	noanger	noanger	disgust	nodisgust	nofear	nofear	nojoy	nojoy	nosadness	sadness	nosurprise	nosurprise
song1-15	Your legs have nothing to do	disgust	sadness	noneutral	noneutral	noanger	noanger	disgust	nodisgust	nofear	nofear	nojoy	nojoy	nosadness	sadness	nosurprise	nosurprise
song1-16	Some machines doin' that for you	disgust	neutral	noneutral	neutral	noanger	noanger	disgust	nodisgust	nofear	nofear	nojoy	nojoy	nosadness	nosadness	nosurprise	nosurprise
song1-17	In the year of 6565	neutral	neutral	neutral	neutral	noanger	noanger	nodisgust	nodisgust	nofear	nofear	nojoy	nojoy	nosadness	nosadness	nosurprise	nosurprise
song1-18	"Won't need no husband, won't need no wife"	sadness	sadness	noneutral	noneutral	noanger	noanger	nodisgust	nodisgust	nofear	nofear	nojoy	nojoy	sadness	sadness	nosurprise	nosurprise
song1-19	"You'll pick your sons, pick your daughters too"	sadness	sadness	noneutral	noneutral	noanger	noanger	nodisgust	nodisgust	nofear	nofear	nojoy	nojoy	sadness	sadness	nosurprise	nosurprise
song1-20	From the bottom of a long glass tube wouwo	disgust	sadness	noneutral	noneutral	noanger	noanger	disgust	nodisgust	nofear	nofear	nojoy	nojoy	nosadness	sadness	nosurprise	nosurprise
song1-21	In the year of 7510	neutral	neutral	neutral	neutral	noanger	noanger	nodisgust	nodisgust	nofear	nofear	nojoy	nojoy	nosadness	nosadness	nosurprise	nosurprise
song1-22	If god is commin' he should make it by then	sadness	fear	noneutral	noneutral	noanger	noanger	nodisgust	nodisgust	nofear	fear	nojoy	nojoy	sadness	nosadness	nosurprise	nosurprise
song1-23	Maybe he'll look around and say:	neutral	fear	neutral	noneutral	noanger	noanger	nodisgust	nodisgust	nofear	fear	nojoy	nojoy	nosadness	nosadness	nosurprise	nosurprise
song1-24	Now it's time for the judgement day!	anger	fear	noneutral	noneutral	anger	noanger	nodisgust	nodisgust	nofear	fear	nojoy	nojoy	nosadness	nosadness	nosurprise	nosurprise
song1-25	In the year of 8510	neutral	neutral	neutral	neutral	noanger	noanger	nodisgust	nodisgust	nofear	nofear	nojoy	nojoy	nosadness	nosadness	nosurprise	nosurprise
song1-26	God is gonna shake his mighty hand	fear	fear	noneutral	noneutral	noanger	noanger	nodisgust	nodisgust	fear	fear	nojoy	nojoy	nosadness	nosadness	nosurprise	nosurprise
song1-27	He'll leave a salient place where man has been	fear	fear	noneutral	noneutral	noanger	noanger	nodisgust	nodisgust	fear	fear	nojoy	nojoy	nosadness	nosadness	nosurprise	nosurprise
song1-28	Or tear it down and start again wouwo	fear	fear	noneutral	noneutral	noanger	noanger	nodisgust	nodisgust	fear	fear	nojoy	nojoy	nosadness	nosadness	nosurprise	nosurprise
song1-29	In the year of 9595	neutral	neutral	neutral	neutral	noanger	noanger	nodisgust	nodisgust	nofear	nofear	nojoy	nojoy	nosadness	nosadness	nosurprise	nosurprise
song1-30	I'm wondering if man is gonna be alive	sadness	fear	noneutral	noneutral	noanger	noanger	nodisgust	nodisgust	nofear	fear	nojoy	nojoy	sadness	nosadness	nosurprise	nosurprise
song1-31	He's taken everything earth had to give	anger	anger	noneutral	noneutral	anger	anger	nodisgust	nodisgust	nofear	nofear	nojoy	nojoy	nosadness	nosadness	nosurprise	nosurprise
song1-32	And he's put back nothing wouwo	anger	anger	noneutral	noneutral	anger	anger	nodisgust	nodisgust	nofear	nofear	nojoy	nojoy	nosadness	nosadness	nosurprise	nosurprise
song1-33	Now it's been 10.000 years man has cried a million tears	sadness	sadness	noneutral	noneutral	noanger	noanger	nodisgust	nodisgust	nofear	nofear	nojoy	nojoy	sadness	sadness	nosurprise	nosurprise
song1-34	For what he never knew now man's dream is through	sadness	sadness	noneutral	noneutral	noanger	noanger	nodisgust	nodisgust	nofear	nofear	nojoy	nojoy	sadness	sadness	nosurprise	nosurprise
song1-35	But through eternal light the twinklin' of starlight	joy	neutral	noneutral	neutral	noanger	noanger	nodisgust	nodisgust	nofear	nofear	joy	nojoy	nosadness	nosadness	nosurprise	nosurprise
song1-36	So very faw away now it's night to yesterday	sadness	neutral	noneutral	neutral	noanger	noanger	nodisgust	nodisgust	nofear	nofear	nojoy	nojoy	sadness	nosadness	nosurprise	nosurprise
song2-01	When I look into your eyes	sadness	neutral	noneutral	neutral	noanger	noanger	nodisgust	nodisgust	nofear	nofear	nojoy	nojoy	sadness	nosadness	nosurprise	nosurprise
song2-02	I can see a love restrained	sadness	sadness	noneutral	noneutral	noanger	noanger	nodisgust	nodisgust	nofear	nofear	nojoy	nojoy	sadness	sadness	nosurprise	nosurprise
song2-03	But darlin' when I hold you	joy	joy	noneutral	noneutral	noanger	noanger	nodisgust	nodisgust	nofear	nofear	joy	joy	nosadness	nosadness	nosurprise	nosurprise
song2-04	Don't you know I feel the same	joy	fear	noneutral	noneutral	noanger	noanger	nodisgust	nodisgust	nofear	fear	joy	nojoy	nosadness	nosadness	nosurprise	nosurprise
song2-05	Cause nothin' lasts forever	sadness	fear	noneutral	noneutral	noanger	noanger	nodisgust	nodisgust	nofear	fear	nojoy	nojoy	sadness	nosadness	nosurprise	nosurprise
song2-06	And we both know hearts can change	sadness	fear	noneutral	noneutral	noanger	noanger	nodisgust	nodisgust	nofear	fear	nojoy	nojoy	sadness	nosadness	nosurprise	nosurprise
song2-07	And it's hard to hold a candle	sadness	fear	noneutral	noneutral	noanger	noanger	nodisgust	nodisgust	nofear	fear	nojoy	nojoy	sadness	nosadness	nosurprise	nosurprise
song2-08	In the cold November rain	sadness	sadness	noneutral	noneutral	noanger	noanger	nodisgust	nodisgust	nofear	nofear	nojoy	nojoy	sadness	sadness	nosurprise	nosurprise
song2-09	We've been through this such a long long time	sadness	sadness	noneutral	noneutral	noanger	noanger	nodisgust	nodisgust	nofear	nofear	nojoy	nojoy	sadness	sadness	nosurprise	nosurprise
song2-10	Just tryin' to kill the pain	sadness	sadness	noneutral	noneutral	noanger	noanger	nodisgust	nodisgust	nofear	nofear	nojoy	nojoy	sadness	sadness	nosurprise	nosurprise
song2-11	But lovers always come and lovers always go	sadness	sadness	noneutral	noneutral	noanger	noanger	nodisgust	nodisgust	nofear	nofear	nojoy	nojoy	sadness	sadness	nosurprise	nosurprise
song2-12	An no one's really sure who's lettin' go today	sadness	sadness	noneutral	noneutral	noanger	noanger	nodisgust	nodisgust	nofear	nofear	nojoy	nojoy	sadness	sadness	nosurprise	nosurprise
song2-13	Walking away	sadness	sadness	noneutral	noneutral	noanger	noanger	nodisgust	nodisgust	nofear	nofear	nojoy	nojoy	sadness	sadness	nosurprise	nosurprise
song2-14	If we could take the time	sadness	neutral	noneutral	neutral	noanger	noanger	nodisgust	nodisgust	nofear	nofear	nojoy	nojoy	sadness	nosadness	nosurprise	nosurprise
song2-15	to lay it on the line	sadness	neutral	noneutral	neutral	noanger	noanger	nodisgust	nodisgust	nofear	nofear	nojoy	nojoy	sadness	nosadness	nosurprise	nosurprise
song2-16	I could rest my head	joy	neutral	noneutral	neutral	noanger	noanger	nodisgust	nodisgust	nofear	nofear	joy	nojoy	nosadness	nosadness	nosurprise	nosurprise
song2-17	Just knowin' that you were mine	joy	joy	noneutral	noneutral	noanger	noanger	nodisgust	nodisgust	nofear	nofear	joy	joy	nosadness	nosadness	nosurprise	nosurprise
song2-18	All mine	joy	joy	noneutral	noneutral	noanger	noanger	nodisgust	nodisgust	nofear	nofear	joy	joy	nosadness	nosadness	nosurprise	nosurprise
song2-19	So if you want to love me	joy	joy	noneutral	noneutral	noanger	noanger	nodisgust	nodisgust	nofear	nofear	joy	joy	nosadness	nosadness	nosurprise	nosurprise
song2-20	then darlin' don't refrain	joy	joy	noneutral	noneutral	noanger	noanger	nodisgust	nodisgust	nofear	nofear	joy	joy	nosadness	nosadness	nosurprise	nosurprise
song2-21	Or I'll just end up walkin'	sadness	neutral	noneutral	neutral	noanger	noanger	nodisgust	nodisgust	nofear	nofear	nojoy	nojoy	sadness	nosadness	nosurprise	nosurprise
song2-22	In the cold November rain	sadness	sadness	noneutral	noneutral	noanger	noanger	nodisgust	nodisgust	nofear	nofear	nojoy	nojoy	sadness	sadness	nosurprise	nosurprise
song2-23	Do you need some time...on your own	sadness	sadness	noneutral	noneutral	noanger	noanger	nodisgust	nodisgust	nofear	nofear	nojoy	nojoy	sadness	sadness	nosurprise	nosurprise
song2-24	Do you need some time...all alone	sadness	sadness	noneutral	noneutral	noanger	noanger	nodisgust	nodisgust	nofear	nofear	nojoy	nojoy	sadness	sadness	nosurprise	nosurprise
song2-25	Everybody needs some time...	sadness	sadness	noneutral	noneutral	noanger	noanger	nodisgust	nodisgust	nofear	nofear	nojoy	nojoy	sadness	sadness	nosurprise	nosurprise
song2-26	on their own	sadness	sadness	noneutral	noneutral	noanger	noanger	nodisgust	nodisgust	nofear	nofear	nojoy	nojoy	sadness	sadness	nosurprise	nosurprise
song2-27	Don't you know you need some time...all alone	sadness	sadness	noneutral	noneutral	noanger	noanger	nodisgust	nodisgust	nofear	nofear	nojoy	nojoy	sadness	sadness	nosurprise	nosurprise
song2-28	I know it's hard to keep an open heart	sadness	anger	noneutral	noneutral	noanger	anger	nodisgust	nodisgust	nofear	nofear	nojoy	nojoy	sadness	nosadness	nosurprise	nosurprise
song2-29	When even friends seem out to harm you	sadness	anger	noneutral	noneutral	noanger	anger	nodisgust	nodisgust	nofear	nofear	nojoy	nojoy	sadness	nosadness	nosurprise	nosurprise
song2-30	But if you could heal a broken heart	joy	joy	noneutral	noneutral	noanger	noanger	nodisgust	nodisgust	nofear	nofear	joy	joy	nosadness	nosadness	nosurprise	nosurprise
song2-31	Wouldn't time be out to charm you	joy	joy	noneutral	noneutral	noanger	noanger	nodisgust	nodisgust	nofear	nofear	joy	joy	nosadness	nosadness	nosurprise	nosurprise
song2-32	Sometimes I need some time…	sadness	sadness	noneutral	noneutral	noanger	noanger	nodisgust	nodisgust	nofear	nofear	nojoy	nojoy	sadness	sadness	nosurprise	nosurprise
song2-33	on my own	sadness	sadness	noneutral	noneutral	noanger	noanger	nodisgust	nodisgust	nofear	nofear	nojoy	nojoy	sadness	sadness	nosurprise	nosurprise
song2-34	Sometimes I need some time...all alone	sadness	sadness	noneutral	noneutral	noanger	noanger	nodisgust	nodisgust	nofear	nofear	nojoy	nojoy	sadness	sadness	nosurprise	nosurprise
song2-35	Everybody needs some time...	sadness	sadness	noneutral	noneutral	noanger	noanger	nodisgust	nodisgust	nofear	nofear	nojoy	nojoy	sadness	sadness	nosurprise	nosurprise
song2-36	on their own	sadness	sadness	noneutral	noneutral	noanger	noanger	nodisgust	nodisgust	nofear	nofear	nojoy	nojoy	sadness	sadness	nosurprise	nosurprise
song2-37	Don't you know you need some time...all alone	sadness	sadness	noneutral	noneutral	noanger	noanger	nodisgust	nodisgust	nofear	nofear	nojoy	nojoy	sadness	sadness	nosurprise	nosurprise
song2-38	And when your fears subside	joy	sadness	noneutral	noneutral	noanger	noanger	nodisgust	nodisgust	nofear	nofear	joy	nojoy	nosadness	sadness	nosurprise	nosurprise
song2-39	And shadows still remain	joy	sadness	noneutral	noneutral	noanger	noanger	nodisgust	nodisgust	nofear	nofear	joy	nojoy	nosadness	sadness	nosurprise	nosurprise
song2-40	I know that you can love me	joy	joy	noneutral	noneutral	noanger	noanger	nodisgust	nodisgust	nofear	nofear	joy	joy	nosadness	nosadness	nosurprise	nosurprise
song2-41	When there's no one left to blame	joy	neutral	noneutral	neutral	noanger	noanger	nodisgust	nodisgust	nofear	nofear	joy	nojoy	nosadness	nosadness	nosurprise	nosurprise
song2-42	So never mind the darkness	joy	joy	noneutral	noneutral	noanger	noanger	nodisgust	nodisgust	nofear	nofear	joy	joy	nosadness	nosadness	nosurprise	nosurprise
song2-43	We still can find a way	joy	joy	noneutral	noneutral	noanger	noanger	nodisgust	nodisgust	nofear	nofear	joy	joy	nosadness	nosadness	nosurprise	nosurprise
song2-44	Cause nothin' lasts forever	joy	fear	noneutral	noneutral	noanger	noanger	nodisgust	nodisgust	nofear	fear	joy	nojoy	nosadness	nosadness	nosurprise	nosurprise
song2-45	Even cold November rain	joy	sadness	noneutral	noneutral	noanger	noanger	nodisgust	nodisgust	nofear	nofear	joy	nojoy	nosadness	sadness	nosurprise	nosurprise
song2-46	Don't ya think that you need somebody	joy	sadness	noneutral	noneutral	noanger	noanger	nodisgust	nodisgust	nofear	nofear	joy	nojoy	nosadness	sadness	nosurprise	nosurprise
song2-47	Don't ya think that you need someone	joy	sadness	noneutral	noneutral	noanger	noanger	nodisgust	nodisgust	nofear	nofear	joy	nojoy	nosadness	sadness	nosurprise	nosurprise
song2-48	Everybody needs somebody	joy	sadness	noneutral	noneutral	noanger	noanger	nodisgust	nodisgust	nofear	nofear	joy	nojoy	nosadness	sadness	nosurprise	nosurprise
song2-49	You're not the only one	joy	neutral	noneutral	neutral	noanger	noanger	nodisgust	nodisgust	nofear	nofear	joy	nojoy	nosadness	nosadness	nosurprise	nosurprise
song2-50	You're not the only one	joy	neutral	noneutral	neutral	noanger	noanger	nodisgust	nodisgust	nofear	nofear	joy	nojoy	nosadness	nosadness	nosurprise	nosurprise
song3-01	"My radio, believe me, I like it loud"	joy	joy	noneutral	noneutral	noanger	noanger	nodisgust	nodisgust	nofear	nofear	joy	joy	nosadness	nosadness	nosurprise	nosurprise
song3-02	I'm the man with a box that can rock the crowd	joy	joy	noneutral	noneutral	noanger	noanger	nodisgust	nodisgust	nofear	nofear	joy	joy	nosadness	nosadness	nosurprise	nosurprise
song3-03	"Walkin' down the street, to the hardcore beat"	joy	joy	noneutral	noneutral	noanger	noanger	nodisgust	nodisgust	nofear	nofear	joy	joy	nosadness	nosadness	nosurprise	nosurprise
song3-04	While my JVC vibrates the concrete	joy	joy	noneutral	noneutral	noanger	noanger	nodisgust	nodisgust	nofear	nofear	joy	joy	nosadness	nosadness	nosurprise	nosurprise
song3-05	I'm sorry if you can't understand	anger	sadness	noneutral	noneutral	anger	noanger	nodisgust	nodisgust	nofear	nofear	nojoy	nojoy	nosadness	sadness	nosurprise	nosurprise
song3-06	But I need a radio inside my hand	joy	neutral	noneutral	neutral	noanger	noanger	nodisgust	nodisgust	nofear	nofear	joy	nojoy	nosadness	nosadness	nosurprise	nosurprise
song3-07	Don't mean to offend other citizens	fear	sadness	noneutral	noneutral	noanger	noanger	nodisgust	nodisgust	fear	nofear	nojoy	nojoy	nosadness	sadness	nosurprise	nosurprise
song3-08	But I kick my volume way past 10	joy	anger	noneutral	noneutral	noanger	anger	nodisgust	nodisgust	nofear	nofear	joy	nojoy	nosadness	nosadness	nosurprise	nosurprise
song3-09	"My story is rough, my neighbourhood is tough"	sadness	sadness	noneutral	noneutral	noanger	noanger	nodisgust	nodisgust	nofear	nofear	nojoy	nojoy	sadness	sadness	nosurprise	nosurprise
song3-10	"But I still sport gold, and I'm out to crush"	joy	joy	noneutral	noneutral	noanger	noanger	nodisgust	nodisgust	nofear	nofear	joy	joy	nosadness	nosadness	nosurprise	nosurprise
song3-11	"My name is Cool J, I devastate the show"	anger	anger	noneutral	noneutral	anger	anger	nodisgust	nodisgust	nofear	nofear	nojoy	nojoy	nosadness	nosadness	nosurprise	nosurprise
song3-12	But I couldn't survive without my radio	fear	sadness	noneutral	noneutral	noanger	noanger	nodisgust	nodisgust	fear	nofear	nojoy	nojoy	nosadness	sadness	nosurprise	nosurprise
song3-13	Terrorising my neighbours with the heavy bass	anger	anger	noneutral	noneutral	anger	anger	nodisgust	nodisgust	nofear	nofear	nojoy	nojoy	nosadness	nosadness	nosurprise	nosurprise
song3-14	I keep the suckas in fear by the look on my face	anger	anger	noneutral	noneutral	anger	anger	nodisgust	nodisgust	nofear	nofear	nojoy	nojoy	nosadness	nosadness	nosurprise	nosurprise
song3-15	My radio's bad from the Boulevard	joy	anger	noneutral	noneutral	noanger	anger	nodisgust	nodisgust	nofear	nofear	joy	nojoy	nosadness	nosadness	nosurprise	nosurprise
song3-16	I'm a hip-hop gangster and my name is Todd	joy	neutral	noneutral	neutral	noanger	noanger	nodisgust	nodisgust	nofear	nofear	joy	nojoy	nosadness	nosadness	nosurprise	nosurprise
song3-17	"Just stimulated by the beat, bust out the rhyme"	joy	joy	noneutral	noneutral	noanger	noanger	nodisgust	nodisgust	nofear	nofear	joy	joy	nosadness	nosadness	nosurprise	nosurprise
song3-18	Get fresh batteries if it won't rewind	joy	anger	noneutral	noneutral	noanger	anger	nodisgust	nodisgust	nofear	nofear	joy	nojoy	nosadness	nosadness	nosurprise	nosurprise
song3-19	"Cos I play everyday, even on the subway"	joy	joy	noneutral	noneutral	noanger	noanger	nodisgust	nodisgust	nofear	nofear	joy	joy	nosadness	nosadness	nosurprise	nosurprise
song3-20	I woulda got a summons but I ran away	joy	fear	noneutral	noneutral	noanger	noanger	nodisgust	nodisgust	nofear	fear	joy	nojoy	nosadness	nosadness	nosurprise	nosurprise
song3-21	"I'm the leader of the show, keepin' you on the go"	joy	joy	noneutral	noneutral	noanger	noanger	nodisgust	nodisgust	nofear	nofear	joy	joy	nosadness	nosadness	nosurprise	nosurprise
song3-22	But I know I can't live without my radio	joy	sadness	noneutral	noneutral	noanger	noanger	nodisgust	nodisgust	nofear	nofear	joy	nojoy	nosadness	sadness	nosurprise	nosurprise
song3-23	Suckas on my jock when I walk down the block	anger	anger	noneutral	noneutral	anger	anger	nodisgust	nodisgust	nofear	nofear	nojoy	nojoy	nosadness	nosadness	nosurprise	nosurprise
song3-24	I really don't care if you're jealous or not	anger	anger	noneutral	noneutral	anger	anger	nodisgust	nodisgust	nofear	nofear	nojoy	nojoy	nosadness	nosadness	nosurprise	nosurprise
song3-25	"Cos I make the songs, you sing along"	anger	joy	noneutral	noneutral	anger	noanger	nodisgust	nodisgust	nofear	nofear	nojoy	joy	nosadness	nosadness	nosurprise	nosurprise
song3-26	And your radio's def when my record's on	anger	joy	noneutral	noneutral	anger	noanger	nodisgust	nodisgust	nofear	nofear	nojoy	joy	nosadness	nosadness	nosurprise	nosurprise
song3-27	"So get off the wall, become involved"	joy	joy	noneutral	noneutral	noanger	noanger	nodisgust	nodisgust	nofear	nofear	joy	joy	nosadness	nosadness	nosurprise	nosurprise
song3-28	All your radio problems have now been solved	joy	joy	noneutral	noneutral	noanger	noanger	nodisgust	nodisgust	nofear	nofear	joy	joy	nosadness	nosadness	nosurprise	nosurprise
song3-29	My treacherous beats make ya ears respond	joy	anger	noneutral	noneutral	noanger	anger	nodisgust	nodisgust	nofear	nofear	joy	nojoy	nosadness	nosadness	nosurprise	nosurprise
song3-30	And my radio's loud like a fire alarm	joy	fear	noneutral	noneutral	noanger	noanger	nodisgust	nodisgust	nofear	fear	joy	nojoy	nosadness	nosadness	nosurprise	nosurprise
song3-31	"The floor vibrates, the walls cave in"	joy	fear	noneutral	noneutral	noanger	noanger	nodisgust	nodisgust	nofear	fear	joy	nojoy	nosadness	nosadness	nosurprise	nosurprise
song3-32	The bass makes my eardrums seem thin	joy	fear	noneutral	noneutral	noanger	noanger	nodisgust	nodisgust	nofear	fear	joy	nojoy	nosadness	nosadness	nosurprise	nosurprise
song3-33	"Def sounds in my ride, yes the front and back"	joy	neutral	noneutral	neutral	noanger	noanger	nodisgust	nodisgust	nofear	nofear	joy	nojoy	nosadness	nosadness	nosurprise	nosurprise
song3-34	"You would think it was a party, not a Cadillac"	joy	joy	noneutral	noneutral	noanger	noanger	nodisgust	nodisgust	nofear	nofear	joy	joy	nosadness	nosadness	nosurprise	nosurprise
song3-35	"Cos I drive up to the ave, with the windows closed"	joy	neutral	noneutral	neutral	noanger	noanger	nodisgust	nodisgust	nofear	nofear	joy	nojoy	nosadness	nosadness	nosurprise	nosurprise
song3-36	"And my bass is so loud, it could rip your clothes"	joy	anger	noneutral	noneutral	noanger	anger	nodisgust	nodisgust	nofear	nofear	joy	nojoy	nosadness	nosadness	nosurprise	nosurprise
song3-37	My stereo's thumpin' like a savage beast	joy	anger	noneutral	noneutral	noanger	anger	nodisgust	nodisgust	nofear	nofear	joy	nojoy	nosadness	nosadness	nosurprise	nosurprise
song3-38	The level on my power meter will not decrease	joy	anger	noneutral	noneutral	noanger	anger	nodisgust	nodisgust	nofear	nofear	joy	nojoy	nosadness	nosadness	nosurprise	nosurprise
song3-39	"Suckas get mad, cos the girlies scream"	anger	anger	noneutral	noneutral	anger	anger	nodisgust	nodisgust	nofear	nofear	nojoy	nojoy	nosadness	nosadness	nosurprise	nosurprise
song3-40	And I'm still gettin' paid while you look at me mean	anger	joy	noneutral	noneutral	anger	noanger	nodisgust	nodisgust	nofear	nofear	nojoy	joy	nosadness	nosadness	nosurprise	nosurprise
song3-41	"I'm the leader of the show, keepin' you on the go"	joy	joy	noneutral	noneutral	noanger	noanger	nodisgust	nodisgust	nofear	nofear	joy	joy	nosadness	nosadness	nosurprise	nosurprise
song3-42	But I know I can't live without my radio	joy	sadness	noneutral	noneutral	noanger	noanger	nodisgust	nodisgust	nofear	nofear	joy	nojoy	nosadness	sadness	nosurprise	nosurprise
song3-43	"I'm the leader of the show, keepin' you on the go"	joy	joy	noneutral	noneutral	noanger	noanger	nodisgust	nodisgust	nofear	nofear	joy	joy	nosadness	nosadness	nosurprise	nosurprise
song3-44	And I know I can't live without my radio	joy	sadness	noneutral	noneutral	noanger	noanger	nodisgust	nodisgust	nofear	nofear	joy	nojoy	nosadness	sadness	nosurprise	nosurprise
song3-45	"Don't touch that dial, I'll be upset"	anger	anger	noneutral	noneutral	anger	anger	nodisgust	nodisgust	nofear	nofear	nojoy	nojoy	nosadness	nosadness	nosurprise	nosurprise
song3-46	Might go into a fit and rip off your neck	anger	anger	noneutral	noneutral	anger	anger	nodisgust	nodisgust	nofear	nofear	nojoy	nojoy	nosadness	nosadness	nosurprise	nosurprise
song3-47	Cos the radio's thumpin' when I'm down to play	joy	joy	noneutral	noneutral	noanger	noanger	nodisgust	nodisgust	nofear	nofear	joy	joy	nosadness	nosadness	nosurprise	nosurprise
song3-48	I'm the royal chief rocker LL Cool J	joy	joy	noneutral	noneutral	noanger	noanger	nodisgust	nodisgust	nofear	nofear	joy	joy	nosadness	nosadness	nosurprise	nosurprise
song3-49	Let your big butt bounce from right to left	joy	joy	noneutral	noneutral	noanger	noanger	nodisgust	nodisgust	nofear	nofear	joy	joy	nosadness	nosadness	nosurprise	nosurprise
song3-50	Cos it's a actual fact this jam is def	joy	joy	noneutral	noneutral	noanger	noanger	nodisgust	nodisgust	nofear	nofear	joy	joy	nosadness	nosadness	nosurprise	nosurprise
song3-51	Most definitely created by me	joy	joy	noneutral	noneutral	noanger	noanger	nodisgust	nodisgust	nofear	nofear	joy	joy	nosadness	nosadness	nosurprise	nosurprise
song3-52	Goin' down in radio history	joy	joy	noneutral	noneutral	noanger	noanger	nodisgust	nodisgust	nofear	nofear	joy	joy	nosadness	nosadness	nosurprise	nosurprise
song3-53	I'm good to go on your radio	joy	joy	noneutral	noneutral	noanger	noanger	nodisgust	nodisgust	nofear	nofear	joy	joy	nosadness	nosadness	nosurprise	nosurprise
song3-54	And I'm cold gettin' paid cos Rick said so	joy	joy	noneutral	noneutral	noanger	noanger	nodisgust	nodisgust	nofear	nofear	joy	joy	nosadness	nosadness	nosurprise	nosurprise
song3-55	Make the woofers wallop and your tweeters twitch	joy	anger	noneutral	noneutral	noanger	anger	nodisgust	nodisgust	nofear	nofear	joy	nojoy	nosadness	nosadness	nosurprise	nosurprise
song3-56	Some jealous knuckleheads might try to dis	anger	anger	noneutral	noneutral	anger	anger	nodisgust	nodisgust	nofear	nofear	nojoy	nojoy	nosadness	nosadness	nosurprise	nosurprise
song3-57	"But it's nuthin', ya frontin', ya girl I am stuntin'"	joy	anger	noneutral	noneutral	noanger	anger	nodisgust	nodisgust	nofear	nofear	joy	nojoy	nosadness	nosadness	nosurprise	nosurprise
song3-58	And my radio's loud enough to keep you gruntin'	joy	anger	noneutral	noneutral	noanger	anger	nodisgust	nodisgust	nofear	nofear	joy	nojoy	nosadness	nosadness	nosurprise	nosurprise
song3-59	"My name is Cool J, I'm from the rock"	joy	neutral	noneutral	neutral	noanger	noanger	nodisgust	nodisgust	nofear	nofear	joy	nojoy	nosadness	nosadness	nosurprise	nosurprise
song3-60	Circulating through your radio non-stop	joy	neutral	noneutral	neutral	noanger	noanger	nodisgust	nodisgust	nofear	nofear	joy	nojoy	nosadness	nosadness	nosurprise	nosurprise
song3-61	I'm lookin' at the wires behind the cassette	joy	neutral	noneutral	neutral	noanger	noanger	nodisgust	nodisgust	nofear	nofear	joy	nojoy	nosadness	nosadness	nosurprise	nosurprise
song3-62	"And now I'm on the right, standing on the eject"	joy	neutral	noneutral	neutral	noanger	noanger	nodisgust	nodisgust	nofear	nofear	joy	nojoy	nosadness	nosadness	nosurprise	nosurprise
song3-63	"Wearin' light blue Pumas, a whole lotta gold"	joy	joy	noneutral	noneutral	noanger	noanger	nodisgust	nodisgust	nofear	nofear	joy	joy	nosadness	nosadness	nosurprise	nosurprise
song3-64	And jams like these keep me in control	joy	joy	noneutral	noneutral	noanger	noanger	nodisgust	nodisgust	nofear	nofear	joy	joy	nosadness	nosadness	nosurprise	nosurprise
song3-65	"I'm the leader of the show, keepin' you on the go"	joy	joy	noneutral	noneutral	noanger	noanger	nodisgust	nodisgust	nofear	nofear	joy	joy	nosadness	nosadness	nosurprise	nosurprise
song3-66	And I know I can't live without my radio	joy	sadness	noneutral	noneutral	noanger	noanger	nodisgust	nodisgust	nofear	nofear	joy	nojoy	nosadness	sadness	nosurprise	nosurprise
song3-67	Your energy level starts to increase	joy	surprise	noneutral	noneutral	noanger	noanger	nodisgust	nodisgust	nofear	nofear	joy	nojoy	nosadness	nosadness	nosurprise	surprise
song3-68	As my big beat is slowly released	joy	neutral	noneutral	neutral	noanger	noanger	nodisgust	nodisgust	nofear	nofear	joy	nojoy	nosadness	nosadness	nosurprise	nosurprise
song3-69	I'm on the radio and at the jam	joy	joy	noneutral	noneutral	noanger	noanger	nodisgust	nodisgust	nofear	nofear	joy	joy	nosadness	nosadness	nosurprise	nosurprise
song3-70	LL Cool J is who I am	joy	neutral	noneutral	neutral	noanger	noanger	nodisgust	nodisgust	nofear	nofear	joy	nojoy	nosadness	nosadness	nosurprise	nosurprise
song3-71	"Imma make ya dance, boogie down and rock"	joy	joy	noneutral	noneutral	noanger	noanger	nodisgust	nodisgust	nofear	nofear	joy	joy	nosadness	nosadness	nosurprise	nosurprise
song3-72	And you'll scratch and shake to my musical plot	joy	disgust	noneutral	noneutral	noanger	noanger	nodisgust	disgust	nofear	nofear	joy	nojoy	nosadness	nosadness	nosurprise	nosurprise
song3-73	And to expand my musical plan	joy	neutral	noneutral	neutral	noanger	noanger	nodisgust	nodisgust	nofear	nofear	joy	nojoy	nosadness	nosadness	nosurprise	nosurprise
song3-74	"Cut Creator, rock the beat with your hands"	joy	anger	noneutral	noneutral	noanger	anger	nodisgust	nodisgust	nofear	nofear	joy	nojoy	nosadness	nosadness	nosurprise	nosurprise
song3-75	"That's right, so don't try to front the move"	anger	anger	noneutral	noneutral	anger	anger	nodisgust	nodisgust	nofear	nofear	nojoy	nojoy	nosadness	nosadness	nosurprise	nosurprise
song3-76	As you become motivated by the funky groove	joy	surprise	noneutral	noneutral	noanger	noanger	nodisgust	nodisgust	nofear	nofear	joy	nojoy	nosadness	nosadness	nosurprise	surprise
song3-77	You can see me and Earl chillin' on the block	joy	neutral	noneutral	neutral	noanger	noanger	nodisgust	nodisgust	nofear	nofear	joy	nojoy	nosadness	nosadness	nosurprise	nosurprise
song3-78	With my box cold kickin' with the gangster rock	joy	anger	noneutral	noneutral	noanger	anger	nodisgust	nodisgust	nofear	nofear	joy	nojoy	nosadness	nosadness	nosurprise	nosurprise
song3-79	"See people can't stop me, neither can the police"	anger	anger	noneutral	noneutral	anger	anger	nodisgust	nodisgust	nofear	nofear	nojoy	nojoy	nosadness	nosadness	nosurprise	nosurprise
song3-80	I'm a musical maniac to say the least	joy	anger	noneutral	noneutral	noanger	anger	nodisgust	nodisgust	nofear	nofear	joy	nojoy	nosadness	nosadness	nosurprise	nosurprise
song3-81	For you and your radio I made this for	joy	joy	noneutral	noneutral	noanger	noanger	nodisgust	nodisgust	nofear	nofear	joy	joy	nosadness	nosadness	nosurprise	nosurprise
song3-82	Cool J's here to devastate once more	joy	anger	noneutral	noneutral	noanger	anger	nodisgust	nodisgust	nofear	nofear	joy	nojoy	nosadness	nosadness	nosurprise	nosurprise
song3-83	"Pullin' all the girls, takin' out MCs"	joy	joy	noneutral	noneutral	noanger	noanger	nodisgust	nodisgust	nofear	nofear	joy	joy	nosadness	nosadness	nosurprise	nosurprise
song3-84	"If ya try to disrespect me, I just say Please!"	anger	anger	noneutral	noneutral	anger	anger	nodisgust	nodisgust	nofear	nofear	nojoy	nojoy	nosadness	nosadness	nosurprise	nosurprise
song3-85	Here to command the hip-hop land	joy	joy	noneutral	noneutral	noanger	noanger	nodisgust	nodisgust	nofear	nofear	joy	joy	nosadness	nosadness	nosurprise	nosurprise
song3-86	Kick it live with a box inside my hand	joy	anger	noneutral	noneutral	noanger	anger	nodisgust	nodisgust	nofear	nofear	joy	nojoy	nosadness	nosadness	nosurprise	nosurprise
song3-87	"I'm the leader of the show, keepin' you on the go"	joy	joy	noneutral	noneutral	noanger	noanger	nodisgust	nodisgust	nofear	nofear	joy	joy	nosadness	nosadness	nosurprise	nosurprise
song3-88	But I know I can't live without my radio	joy	sadness	noneutral	noneutral	noanger	noanger	nodisgust	nodisgust	nofear	nofear	joy	nojoy	nosadness	sadness	nosurprise	nosurprise
song3-89	"Farmers Boulevard, yeah, you know that's where me and E hang out, cool"	joy	neutral	noneutral	neutral	noanger	noanger	nodisgust	nodisgust	nofear	nofear	joy	nojoy	nosadness	nosadness	nosurprise	nosurprise
song3-90	"out, you know what I'm sayin' That's where the crib's at."	joy	neutral	noneutral	neutral	noanger	noanger	nodisgust	nodisgust	nofear	nofear	joy	nojoy	nosadness	nosadness	nosurprise	nosurprise
song4-01	We're talking away	sadness	neutral	noneutral	neutral	noanger	noanger	nodisgust	nodisgust	nofear	nofear	nojoy	nojoy	sadness	nosadness	nosurprise	nosurprise
song4-02	I don't know what	sadness	surprise	noneutral	noneutral	noanger	noanger	nodisgust	nodisgust	nofear	nofear	nojoy	nojoy	sadness	nosadness	nosurprise	surprise
song4-03	I'm to say I'll say it anyway	sadness	surprise	noneutral	noneutral	noanger	noanger	nodisgust	nodisgust	nofear	nofear	nojoy	nojoy	sadness	nosadness	nosurprise	surprise
song4-04	Today's another day to find you	sadness	surprise	noneutral	noneutral	noanger	noanger	nodisgust	nodisgust	nofear	nofear	nojoy	nojoy	sadness	nosadness	nosurprise	surprise
song4-05	Shying away	sadness	sadness	noneutral	noneutral	noanger	noanger	nodisgust	nodisgust	nofear	nofear	nojoy	nojoy	sadness	sadness	nosurprise	nosurprise
song4-06	"I'll be coming for your love, OK"	joy	joy	noneutral	noneutral	noanger	noanger	nodisgust	nodisgust	nofear	nofear	joy	joy	nosadness	nosadness	nosurprise	nosurprise
song4-07	"Take on me, take me on"	joy	neutral	noneutral	neutral	noanger	noanger	nodisgust	nodisgust	nofear	nofear	joy	nojoy	nosadness	nosadness	nosurprise	nosurprise
song4-08	I'll be gone	sadness	neutral	noneutral	neutral	noanger	noanger	nodisgust	nodisgust	nofear	nofear	nojoy	nojoy	sadness	nosadness	nosurprise	nosurprise
song4-09	In a day or two	sadness	neutral	noneutral	neutral	noanger	noanger	nodisgust	nodisgust	nofear	nofear	nojoy	nojoy	sadness	nosadness	nosurprise	nosurprise
song4-10	So needless to say	sadness	surprise	noneutral	noneutral	noanger	noanger	nodisgust	nodisgust	nofear	nofear	nojoy	nojoy	sadness	nosadness	nosurprise	surprise
song4-11	I'm odds and ends	sadness	surprise	noneutral	noneutral	noanger	noanger	nodisgust	nodisgust	nofear	nofear	nojoy	nojoy	sadness	nosadness	nosurprise	surprise
song4-12	But that's me stumbling away	joy	sadness	noneutral	noneutral	noanger	noanger	nodisgust	nodisgust	nofear	nofear	joy	nojoy	nosadness	sadness	nosurprise	nosurprise
song4-13	Slowly learning that life is OK.	joy	sadness	noneutral	noneutral	noanger	noanger	nodisgust	nodisgust	nofear	nofear	joy	nojoy	nosadness	sadness	nosurprise	nosurprise
song4-14	Say after me	sadness	neutral	noneutral	neutral	noanger	noanger	nodisgust	nodisgust	nofear	nofear	nojoy	nojoy	sadness	nosadness	nosurprise	nosurprise
song4-15	It's no better to be safe than sorry	sadness	sadness	noneutral	noneutral	noanger	noanger	nodisgust	nodisgust	nofear	nofear	nojoy	nojoy	sadness	sadness	nosurprise	nosurprise
song4-16	"Take on me, take me on"	joy	neutral	noneutral	neutral	noanger	noanger	nodisgust	nodisgust	nofear	nofear	joy	nojoy	nosadness	nosadness	nosurprise	nosurprise
song4-17	I'll be gone	sadness	neutral	noneutral	neutral	noanger	noanger	nodisgust	nodisgust	nofear	nofear	nojoy	nojoy	sadness	nosadness	nosurprise	nosurprise
song4-18	In a day or two	sadness	neutral	noneutral	neutral	noanger	noanger	nodisgust	nodisgust	nofear	nofear	nojoy	nojoy	sadness	nosadness	nosurprise	nosurprise
song4-19	Oh the things that you say	joy	neutral	noneutral	neutral	noanger	noanger	nodisgust	nodisgust	nofear	nofear	joy	nojoy	nosadness	nosadness	nosurprise	nosurprise
song4-20	Is it life or	sadness	neutral	noneutral	neutral	noanger	noanger	nodisgust	nodisgust	nofear	nofear	nojoy	nojoy	sadness	nosadness	nosurprise	nosurprise
song4-21	Just a play my worries away	sadness	sadness	noneutral	noneutral	noanger	noanger	nodisgust	nodisgust	nofear	nofear	nojoy	nojoy	sadness	sadness	nosurprise	nosurprise
song4-22	You're all the things I've got to	joy	neutral	noneutral	neutral	noanger	noanger	nodisgust	nodisgust	nofear	nofear	joy	nojoy	nosadness	nosadness	nosurprise	nosurprise
song4-23	remember	joy	neutral	noneutral	neutral	noanger	noanger	nodisgust	nodisgust	nofear	nofear	joy	nojoy	nosadness	nosadness	nosurprise	nosurprise
song4-24	You're shying away	sadness	sadness	noneutral	noneutral	noanger	noanger	nodisgust	nodisgust	nofear	nofear	nojoy	nojoy	sadness	sadness	nosurprise	nosurprise
song4-25	I'll be coming for you anyway	joy	joy	noneutral	noneutral	noanger	noanger	nodisgust	nodisgust	nofear	nofear	joy	joy	nosadness	nosadness	nosurprise	nosurprise
song4-26	"Take on me, take me on"	joy	neutral	noneutral	neutral	noanger	noanger	nodisgust	nodisgust	nofear	nofear	joy	nojoy	nosadness	nosadness	nosurprise	nosurprise
song4-27	I'll be gone	sadness	neutral	noneutral	neutral	noanger	noanger	nodisgust	nodisgust	nofear	nofear	nojoy	nojoy	sadness	nosadness	nosurprise	nosurprise
song4-28	In a day or two	sadness	neutral	noneutral	neutral	noanger	noanger	nodisgust	nodisgust	nofear	nofear	nojoy	nojoy	sadness	nosadness	nosurprise	nosurprise
song5-01	I got my head checked	surprise	neutral	noneutral	neutral	noanger	noanger	nodisgust	nodisgust	nofear	nofear	nojoy	nojoy	nosadness	nosadness	surprise	nosurprise
song5-02	By a jumbo jet	surprise	neutral	noneutral	neutral	noanger	noanger	nodisgust	nodisgust	nofear	nofear	nojoy	nojoy	nosadness	nosadness	surprise	nosurprise
song5-03	It wasn't easy	surprise	sadness	noneutral	noneutral	noanger	noanger	nodisgust	nodisgust	nofear	nofear	nojoy	nojoy	nosadness	sadness	surprise	nosurprise
song5-04	"But nothing is, no"	surprise	sadness	noneutral	noneutral	noanger	noanger	nodisgust	nodisgust	nofear	nofear	nojoy	nojoy	nosadness	sadness	surprise	nosurprise
song5-05	Whoo hoo!	joy	neutral	noneutral	neutral	noanger	noanger	nodisgust	nodisgust	nofear	nofear	joy	nojoy	nosadness	nosadness	nosurprise	nosurprise
song5-06	Well I feel heavy metal	joy	anger	noneutral	noneutral	noanger	anger	nodisgust	nodisgust	nofear	nofear	joy	nojoy	nosadness	nosadness	nosurprise	nosurprise
song5-07	Whoo hoo!	joy	neutral	noneutral	neutral	noanger	noanger	nodisgust	nodisgust	nofear	nofear	joy	nojoy	nosadness	nosadness	nosurprise	nosurprise
song5-08	And I'm pins and I'm needles	joy	anger	noneutral	noneutral	noanger	anger	nodisgust	nodisgust	nofear	nofear	joy	nojoy	nosadness	nosadness	nosurprise	nosurprise
song5-09	Whoo hoo!	joy	neutral	noneutral	neutral	noanger	noanger	nodisgust	nodisgust	nofear	nofear	joy	nojoy	nosadness	nosadness	nosurprise	nosurprise
song5-10	Well I lie and I'm easy	sadness	anger	noneutral	noneutral	noanger	anger	nodisgust	nodisgust	nofear	nofear	nojoy	nojoy	sadness	nosadness	nosurprise	nosurprise
song5-11	All of the time and I'm never sure why I need you	sadness	anger	noneutral	noneutral	noanger	anger	nodisgust	nodisgust	nofear	nofear	nojoy	nojoy	sadness	nosadness	nosurprise	nosurprise
song5-12	Pleased to meet ya	joy	joy	noneutral	noneutral	noanger	noanger	nodisgust	nodisgust	nofear	nofear	joy	joy	nosadness	nosadness	nosurprise	nosurprise
song5-13	I got my head done	joy	neutral	noneutral	neutral	noanger	noanger	nodisgust	nodisgust	nofear	nofear	joy	nojoy	nosadness	nosadness	nosurprise	nosurprise
song5-14	When I was young	joy	neutral	noneutral	neutral	noanger	noanger	nodisgust	nodisgust	nofear	nofear	joy	nojoy	nosadness	nosadness	nosurprise	nosurprise
song5-15	It's not my problem	joy	anger	noneutral	noneutral	noanger	anger	nodisgust	nodisgust	nofear	nofear	joy	nojoy	nosadness	nosadness	nosurprise	nosurprise
song5-16	It's not my problem	joy	anger	noneutral	noneutral	noanger	anger	nodisgust	nodisgust	nofear	nofear	joy	nojoy	nosadness	nosadness	nosurprise	nosurprise
song5-17	Whoo hoo!	joy	neutral	noneutral	neutral	noanger	noanger	nodisgust	nodisgust	nofear	nofear	joy	nojoy	nosadness	nosadness	nosurprise	nosurprise
song5-18	Well I feel heavy metal	joy	anger	noneutral	noneutral	noanger	anger	nodisgust	nodisgust	nofear	nofear	joy	nojoy	nosadness	nosadness	nosurprise	nosurprise
song5-19	Whoo hoo!	joy	neutral	noneutral	neutral	noanger	noanger	nodisgust	nodisgust	nofear	nofear	joy	nojoy	nosadness	nosadness	nosurprise	nosurprise
song5-20	And I'm pins and I'm needles	joy	anger	noneutral	noneutral	noanger	anger	nodisgust	nodisgust	nofear	nofear	joy	nojoy	nosadness	nosadness	nosurprise	nosurprise
song5-21	Whoo hoo!	joy	neutral	noneutral	neutral	noanger	noanger	nodisgust	nodisgust	nofear	nofear	joy	nojoy	nosadness	nosadness	nosurprise	nosurprise
song5-22	Well I lie and I'm easy	sadness	anger	noneutral	noneutral	noanger	anger	nodisgust	nodisgust	nofear	nofear	nojoy	nojoy	sadness	nosadness	nosurprise	nosurprise
song5-23	All of the time and I'm never sure why I need you	sadness	anger	noneutral	noneutral	noanger	anger	nodisgust	nodisgust	nofear	nofear	nojoy	nojoy	sadness	nosadness	nosurprise	nosurprise
song5-24	Pleased to meet ya	joy	joy	noneutral	noneutral	noanger	noanger	nodisgust	nodisgust	nofear	nofear	joy	joy	nosadness	nosadness	nosurprise	nosurprise
song5-25	"Yeah, yeah"	joy	neutral	noneutral	neutral	noanger	noanger	nodisgust	nodisgust	nofear	nofear	joy	nojoy	nosadness	nosadness	nosurprise	nosurprise
song5-26	"Yeah, yeah"	joy	neutral	noneutral	neutral	noanger	noanger	nodisgust	nodisgust	nofear	nofear	joy	nojoy	nosadness	nosadness	nosurprise	nosurprise
song5-27	"Yeah, yeah"	joy	neutral	noneutral	neutral	noanger	noanger	nodisgust	nodisgust	nofear	nofear	joy	nojoy	nosadness	nosadness	nosurprise	nosurprise
song5-28	"Oh, yeah"	joy	neutral	noneutral	neutral	noanger	noanger	nodisgust	nodisgust	nofear	nofear	joy	nojoy	nosadness	nosadness	nosurprise	nosurprise
song6-01	Back in black	joy	neutral	noneutral	neutral	noanger	noanger	nodisgust	nodisgust	nofear	nofear	joy	nojoy	nosadness	nosadness	nosurprise	nosurprise
song6-02	I hit the sack	joy	neutral	noneutral	neutral	noanger	noanger	nodisgust	nodisgust	nofear	nofear	joy	nojoy	nosadness	nosadness	nosurprise	nosurprise
song6-03	I've been too long I'm glad to be back	joy	joy	noneutral	noneutral	noanger	noanger	nodisgust	nodisgust	nofear	nofear	joy	joy	nosadness	nosadness	nosurprise	nosurprise
song6-04	"Yes I'm, let loose"	joy	surprise	noneutral	noneutral	noanger	noanger	nodisgust	nodisgust	nofear	nofear	joy	nojoy	nosadness	nosadness	nosurprise	surprise
song6-05	From the noose	joy	sadness	noneutral	noneutral	noanger	noanger	nodisgust	nodisgust	nofear	nofear	joy	nojoy	nosadness	sadness	nosurprise	nosurprise
song6-06	That's kept me hanging about	joy	sadness	noneutral	noneutral	noanger	noanger	nodisgust	nodisgust	nofear	nofear	joy	nojoy	nosadness	sadness	nosurprise	nosurprise
song6-07	I keep looking at the sky	joy	neutral	noneutral	neutral	noanger	noanger	nodisgust	nodisgust	nofear	nofear	joy	nojoy	nosadness	nosadness	nosurprise	nosurprise
song6-08	Cause it's gettin' me high	joy	joy	noneutral	noneutral	noanger	noanger	nodisgust	nodisgust	nofear	nofear	joy	joy	nosadness	nosadness	nosurprise	nosurprise
song6-09	Forget the hearse 'cause I'll never die	joy	joy	noneutral	noneutral	noanger	noanger	nodisgust	nodisgust	nofear	nofear	joy	joy	nosadness	nosadness	nosurprise	nosurprise
song6-10	I got nine lives	joy	neutral	noneutral	neutral	noanger	noanger	nodisgust	nodisgust	nofear	nofear	joy	nojoy	nosadness	nosadness	nosurprise	nosurprise
song6-11	Cat's eyes	joy	neutral	noneutral	neutral	noanger	noanger	nodisgust	nodisgust	nofear	nofear	joy	nojoy	nosadness	nosadness	nosurprise	nosurprise
song6-12	Usin' every one of them and running wild	joy	surprise	noneutral	noneutral	noanger	noanger	nodisgust	nodisgust	nofear	nofear	joy	nojoy	nosadness	nosadness	nosurprise	surprise
song6-13	Cause I'm back	joy	neutral	noneutral	neutral	noanger	noanger	nodisgust	nodisgust	nofear	nofear	joy	nojoy	nosadness	nosadness	nosurprise	nosurprise
song6-14	"Yes, I'm back"	joy	neutral	noneutral	neutral	noanger	noanger	nodisgust	nodisgust	nofear	nofear	joy	nojoy	nosadness	nosadness	nosurprise	nosurprise
song6-15	"Well, I'm back"	joy	neutral	noneutral	neutral	noanger	noanger	nodisgust	nodisgust	nofear	nofear	joy	nojoy	nosadness	nosadness	nosurprise	nosurprise
song6-16	"Yes, I'm back"	joy	neutral	noneutral	neutral	noanger	noanger	nodisgust	nodisgust	nofear	nofear	joy	nojoy	nosadness	nosadness	nosurprise	nosurprise
song6-17	"Well, I'm back, back"	joy	neutral	noneutral	neutral	noanger	noanger	nodisgust	nodisgust	nofear	nofear	joy	nojoy	nosadness	nosadness	nosurprise	nosurprise
song6-18	(Well) I'm back in black	joy	neutral	noneutral	neutral	noanger	noanger	nodisgust	nodisgust	nofear	nofear	joy	nojoy	nosadness	nosadness	nosurprise	nosurprise
song6-19	"Yes, I'm back in black"	joy	neutral	noneutral	neutral	noanger	noanger	nodisgust	nodisgust	nofear	nofear	joy	nojoy	nosadness	nosadness	nosurprise	nosurprise
song6-20	Back in the back	joy	neutral	noneutral	neutral	noanger	noanger	nodisgust	nodisgust	nofear	nofear	joy	nojoy	nosadness	nosadness	nosurprise	nosurprise
song6-21	Of a Cadillac	joy	neutral	noneutral	neutral	noanger	noanger	nodisgust	nodisgust	nofear	nofear	joy	nojoy	nosadness	nosadness	nosurprise	nosurprise
song6-22	"Number one with a bullet, I'm a power pack"	joy	neutral	noneutral	neutral	noanger	noanger	nodisgust	nodisgust	nofear	nofear	joy	nojoy	nosadness	nosadness	nosurprise	nosurprise
song6-23	"Yes, I'm in a bang"	joy	joy	noneutral	noneutral	noanger	noanger	nodisgust	nodisgust	nofear	nofear	joy	joy	nosadness	nosadness	nosurprise	nosurprise
song6-24	With a gang	joy	neutral	noneutral	neutral	noanger	noanger	nodisgust	nodisgust	nofear	nofear	joy	nojoy	nosadness	nosadness	nosurprise	nosurprise
song6-25	They've got to catch me if they want me to hang	anger	joy	noneutral	noneutral	anger	noanger	nodisgust	nodisgust	nofear	nofear	nojoy	joy	nosadness	nosadness	nosurprise	nosurprise
song6-26	Cause I'm back on the track	joy	joy	noneutral	noneutral	noanger	noanger	nodisgust	nodisgust	nofear	nofear	joy	joy	nosadness	nosadness	nosurprise	nosurprise
song6-27	And I'm leadin' the pack	joy	joy	noneutral	noneutral	noanger	noanger	nodisgust	nodisgust	nofear	nofear	joy	joy	nosadness	nosadness	nosurprise	nosurprise
song6-28	Nobody's gonna get me on another rap	anger	joy	noneutral	noneutral	anger	noanger	nodisgust	nodisgust	nofear	nofear	nojoy	joy	nosadness	nosadness	nosurprise	nosurprise
song6-29	So look at me now	joy	joy	noneutral	noneutral	noanger	noanger	nodisgust	nodisgust	nofear	nofear	joy	joy	nosadness	nosadness	nosurprise	nosurprise
song6-30	I'm just makin' my play	joy	joy	noneutral	noneutral	noanger	noanger	nodisgust	nodisgust	nofear	nofear	joy	joy	nosadness	nosadness	nosurprise	nosurprise
song6-31	"Don't try to push your luck, just get out of my way"	joy	anger	noneutral	noneutral	noanger	anger	nodisgust	nodisgust	nofear	nofear	joy	nojoy	nosadness	nosadness	nosurprise	nosurprise
song6-32	Cause I'm back	joy	neutral	noneutral	neutral	noanger	noanger	nodisgust	nodisgust	nofear	nofear	joy	nojoy	nosadness	nosadness	nosurprise	nosurprise
song6-33	"Yes, I'm back"	joy	neutral	noneutral	neutral	noanger	noanger	nodisgust	nodisgust	nofear	nofear	joy	nojoy	nosadness	nosadness	nosurprise	nosurprise
song6-34	"Well, I'm back"	joy	neutral	noneutral	neutral	noanger	noanger	nodisgust	nodisgust	nofear	nofear	joy	nojoy	nosadness	nosadness	nosurprise	nosurprise
song6-35	"Yes, I'm back"	joy	neutral	noneutral	neutral	noanger	noanger	nodisgust	nodisgust	nofear	nofear	joy	nojoy	nosadness	nosadness	nosurprise	nosurprise
song6-36	"Well, I'm back, back"	joy	neutral	noneutral	neutral	noanger	noanger	nodisgust	nodisgust	nofear	nofear	joy	nojoy	nosadness	nosadness	nosurprise	nosurprise
song6-37	(Well) I'm back in black	joy	neutral	noneutral	neutral	noanger	noanger	nodisgust	nodisgust	nofear	nofear	joy	nojoy	nosadness	nosadness	nosurprise	nosurprise
song6-38	"Yes, I'm back in black"	joy	neutral	noneutral	neutral	noanger	noanger	nodisgust	nodisgust	nofear	nofear	joy	nojoy	nosadness	nosadness	nosurprise	nosurprise
song6-39	"Well, I'm back, Yes I'm back"	joy	neutral	noneutral	neutral	noanger	noanger	nodisgust	nodisgust	nofear	nofear	joy	nojoy	nosadness	nosadness	nosurprise	nosurprise
song6-40	"Well, I'm back, Yes I'm back"	joy	neutral	noneutral	neutral	noanger	noanger	nodisgust	nodisgust	nofear	nofear	joy	nojoy	nosadness	nosadness	nosurprise	nosurprise
song6-41	"Well, I'm back, back"	joy	neutral	noneutral	neutral	noanger	noanger	nodisgust	nodisgust	nofear	nofear	joy	nojoy	nosadness	nosadness	nosurprise	nosurprise
song6-42	Well I'm back in black	joy	neutral	noneutral	neutral	noanger	noanger	nodisgust	nodisgust	nofear	nofear	joy	nojoy	nosadness	nosadness	nosurprise	nosurprise
song6-43	Yes I'm back in black	joy	neutral	noneutral	neutral	noanger	noanger	nodisgust	nodisgust	nofear	nofear	joy	nojoy	nosadness	nosadness	nosurprise	nosurprise
song6-44	Hooo yeah	joy	neutral	noneutral	neutral	noanger	noanger	nodisgust	nodisgust	nofear	nofear	joy	nojoy	nosadness	nosadness	nosurprise	nosurprise
song6-45	Ohh yeah	joy	neutral	noneutral	neutral	noanger	noanger	nodisgust	nodisgust	nofear	nofear	joy	nojoy	nosadness	nosadness	nosurprise	nosurprise
song6-46	Yes I am	joy	neutral	noneutral	neutral	noanger	noanger	nodisgust	nodisgust	nofear	nofear	joy	nojoy	nosadness	nosadness	nosurprise	nosurprise
song6-47	"Oooh yeah, yeah Oh yeah"	joy	neutral	noneutral	neutral	noanger	noanger	nodisgust	nodisgust	nofear	nofear	joy	nojoy	nosadness	nosadness	nosurprise	nosurprise
song6-48	Back in now	joy	neutral	noneutral	neutral	noanger	noanger	nodisgust	nodisgust	nofear	nofear	joy	nojoy	nosadness	nosadness	nosurprise	nosurprise
song6-49	"Well I'm back, I'm back"	joy	neutral	noneutral	neutral	noanger	noanger	nodisgust	nodisgust	nofear	nofear	joy	nojoy	nosadness	nosadness	nosurprise	nosurprise
song6-50	"Back, I'm back"	joy	neutral	noneutral	neutral	noanger	noanger	nodisgust	nodisgust	nofear	nofear	joy	nojoy	nosadness	nosadness	nosurprise	nosurprise
song6-51	"Back, I'm back"	joy	neutral	noneutral	neutral	noanger	noanger	nodisgust	nodisgust	nofear	nofear	joy	nojoy	nosadness	nosadness	nosurprise	nosurprise
song6-52	"Back, I'm back"	joy	neutral	noneutral	neutral	noanger	noanger	nodisgust	nodisgust	nofear	nofear	joy	nojoy	nosadness	nosadness	nosurprise	nosurprise
song6-53	"Back, I'm back"	joy	neutral	noneutral	neutral	noanger	noanger	nodisgust	nodisgust	nofear	nofear	joy	nojoy	nosadness	nosadness	nosurprise	nosurprise
song6-54	Back	joy	neutral	noneutral	neutral	noanger	noanger	nodisgust	nodisgust	nofear	nofear	joy	nojoy	nosadness	nosadness	nosurprise	nosurprise
song6-55	Back in black	joy	neutral	noneutral	neutral	noanger	noanger	nodisgust	nodisgust	nofear	nofear	joy	nojoy	nosadness	nosadness	nosurprise	nosurprise
song6-56	Yes I'm back in black	joy	neutral	noneutral	neutral	noanger	noanger	nodisgust	nodisgust	nofear	nofear	joy	nojoy	nosadness	nosadness	nosurprise	nosurprise
song6-57	Outta sight	joy	neutral	noneutral	neutral	noanger	noanger	nodisgust	nodisgust	nofear	nofear	joy	nojoy	nosadness	nosadness	nosurprise	nosurprise
song7-01	She Was More Like A Beauty Queen From A Movie Scene	joy	surprise	noneutral	noneutral	noanger	noanger	nodisgust	nodisgust	nofear	nofear	joy	nojoy	nosadness	nosadness	nosurprise	surprise
song7-02	"I Said Don't Mind, But What Do You Mean I Am The One"	joy	surprise	noneutral	noneutral	noanger	noanger	nodisgust	nodisgust	nofear	nofear	joy	nojoy	nosadness	nosadness	nosurprise	surprise
song7-03	Who Will Dance On The Floor In The Round	joy	neutral	noneutral	neutral	noanger	noanger	nodisgust	nodisgust	nofear	nofear	joy	nojoy	nosadness	nosadness	nosurprise	nosurprise
song7-04	She Said I Am The One Who Will Dance On The Floor In The Round	joy	surprise	noneutral	noneutral	noanger	noanger	nodisgust	nodisgust	nofear	nofear	joy	nojoy	nosadness	nosadness	nosurprise	surprise
song7-05	"She Told Me Her Name Was Billie Jean, As She Caused A Scene"	joy	surprise	noneutral	noneutral	noanger	noanger	nodisgust	nodisgust	nofear	nofear	joy	nojoy	nosadness	nosadness	nosurprise	surprise
song7-06	Then Every Head Turned With Eyes That Dreamed Of Being The One	joy	surprise	noneutral	noneutral	noanger	noanger	nodisgust	nodisgust	nofear	nofear	joy	nojoy	nosadness	nosadness	nosurprise	surprise
song7-07	Who Will Dance On The Floor In The Round	joy	neutral	noneutral	neutral	noanger	noanger	nodisgust	nodisgust	nofear	nofear	joy	nojoy	nosadness	nosadness	nosurprise	nosurprise
song7-08	People Always Told Me Be Careful Of What You Do	fear	fear	noneutral	noneutral	noanger	noanger	nodisgust	nodisgust	fear	fear	nojoy	nojoy	nosadness	nosadness	nosurprise	nosurprise
song7-09	And Don't Go Around Breaking Young Girls' Hearts	fear	fear	noneutral	noneutral	noanger	noanger	nodisgust	nodisgust	fear	fear	nojoy	nojoy	nosadness	nosadness	nosurprise	nosurprise
song7-10	And Mother Always Told Me Be Careful Of Who You Love	fear	fear	noneutral	noneutral	noanger	noanger	nodisgust	nodisgust	fear	fear	nojoy	nojoy	nosadness	nosadness	nosurprise	nosurprise
song7-11	And Be Careful Of What You Do 'Cause The Lie Becomes The Truth	fear	fear	noneutral	noneutral	noanger	noanger	nodisgust	nodisgust	fear	fear	nojoy	nojoy	nosadness	nosadness	nosurprise	nosurprise
song7-12	Billie Jean Is Not My Lover	anger	anger	noneutral	noneutral	anger	anger	nodisgust	nodisgust	nofear	nofear	nojoy	nojoy	nosadness	nosadness	nosurprise	nosurprise
song7-13	She's Just A Girl Who Claims That I Am The One	anger	surprise	noneutral	noneutral	anger	noanger	nodisgust	nodisgust	nofear	nofear	nojoy	nojoy	nosadness	nosadness	nosurprise	surprise
song7-14	But The Kid Is Not My Son	anger	anger	noneutral	noneutral	anger	anger	nodisgust	nodisgust	nofear	nofear	nojoy	nojoy	nosadness	nosadness	nosurprise	nosurprise
song7-15	"She Says I Am The One, But The Kid Is Not My Son"	anger	surprise	noneutral	noneutral	anger	noanger	nodisgust	nodisgust	nofear	nofear	nojoy	nojoy	nosadness	nosadness	nosurprise	surprise
song7-16	For Forty Days And Forty Nights	fear	neutral	noneutral	neutral	noanger	noanger	nodisgust	nodisgust	fear	nofear	nojoy	nojoy	nosadness	nosadness	nosurprise	nosurprise
song7-17	The Law Was On Her Side	fear	neutral	noneutral	neutral	noanger	noanger	nodisgust	nodisgust	fear	nofear	nojoy	nojoy	nosadness	nosadness	nosurprise	nosurprise
song7-18	But Who Can Stand When She's In Demand	fear	anger	noneutral	noneutral	noanger	anger	nodisgust	nodisgust	fear	nofear	nojoy	nojoy	nosadness	nosadness	nosurprise	nosurprise
song7-19	Her Schemes And Plans	fear	anger	noneutral	noneutral	noanger	anger	nodisgust	nodisgust	fear	nofear	nojoy	nojoy	nosadness	nosadness	nosurprise	nosurprise
song7-20	Cause We Danced On The Floor In The Round	joy	neutral	noneutral	neutral	noanger	noanger	nodisgust	nodisgust	nofear	nofear	joy	nojoy	nosadness	nosadness	nosurprise	nosurprise
song7-21	"So Take My Strong Advice, Just Remember To Always Think Twice"	fear	anger	noneutral	noneutral	noanger	anger	nodisgust	nodisgust	fear	nofear	nojoy	nojoy	nosadness	nosadness	nosurprise	nosurprise
song7-22	(Do Think Twice)	fear	anger	noneutral	noneutral	noanger	anger	nodisgust	nodisgust	fear	nofear	nojoy	nojoy	nosadness	nosadness	nosurprise	nosurprise
song7-23	She Told My Baby That's A Threat	fear	anger	noneutral	noneutral	noanger	anger	nodisgust	nodisgust	fear	nofear	nojoy	nojoy	nosadness	nosadness	nosurprise	nosurprise
song7-24	As She Looked At Me	fear	neutral	noneutral	neutral	noanger	noanger	nodisgust	nodisgust	fear	nofear	nojoy	nojoy	nosadness	nosadness	nosurprise	nosurprise
song7-25	Then Showed A Photo Of A Baby Cries	sadness	neutral	noneutral	neutral	noanger	noanger	nodisgust	nodisgust	nofear	nofear	nojoy	nojoy	sadness	nosadness	nosurprise	nosurprise
song7-26	Eyes Would Like Mine	sadness	neutral	noneutral	neutral	noanger	noanger	nodisgust	nodisgust	nofear	nofear	nojoy	nojoy	sadness	nosadness	nosurprise	nosurprise
song7-27	"Go On Dance On The Floor In The Round, Baby"	joy	neutral	noneutral	neutral	noanger	noanger	nodisgust	nodisgust	nofear	nofear	joy	nojoy	nosadness	nosadness	nosurprise	nosurprise
song7-28	People Always Told Me Be Careful Of What You Do	fear	fear	noneutral	noneutral	noanger	noanger	nodisgust	nodisgust	fear	fear	nojoy	nojoy	nosadness	nosadness	nosurprise	nosurprise
song7-29	And Don't Go Around Breaking Young Girls' Hearts	fear	fear	noneutral	noneutral	noanger	noanger	nodisgust	nodisgust	fear	fear	nojoy	nojoy	nosadness	nosadness	nosurprise	nosurprise
song7-30	She Came And Stood Right By Me	joy	surprise	noneutral	noneutral	noanger	noanger	nodisgust	nodisgust	nofear	nofear	joy	nojoy	nosadness	nosadness	nosurprise	surprise
song7-31	Then The Smell Of Sweet Perfume	joy	joy	noneutral	noneutral	noanger	noanger	nodisgust	nodisgust	nofear	nofear	joy	joy	nosadness	nosadness	nosurprise	nosurprise
song7-32	This Happened Much Too Soon	joy	surprise	noneutral	noneutral	noanger	noanger	nodisgust	nodisgust	nofear	nofear	joy	nojoy	nosadness	nosadness	nosurprise	surprise
song7-33	She Called Me To Her Room	joy	surprise	noneutral	noneutral	noanger	noanger	nodisgust	nodisgust	nofear	nofear	joy	nojoy	nosadness	nosadness	nosurprise	surprise
song7-34	Billie Jean Is Not My Lover	anger	anger	noneutral	noneutral	anger	anger	nodisgust	nodisgust	nofear	nofear	nojoy	nojoy	nosadness	nosadness	nosurprise	nosurprise
song7-35	She's Just A Girl Who Claims That I Am The One	anger	surprise	noneutral	noneutral	anger	noanger	nodisgust	nodisgust	nofear	nofear	nojoy	nojoy	nosadness	nosadness	nosurprise	surprise
song7-36	But The Kid Is Not My Son	anger	anger	noneutral	noneutral	anger	anger	nodisgust	nodisgust	nofear	nofear	nojoy	nojoy	nosadness	nosadness	nosurprise	nosurprise
song7-37	Billie Jean Is Not My Lover	anger	anger	noneutral	noneutral	anger	anger	nodisgust	nodisgust	nofear	nofear	nojoy	nojoy	nosadness	nosadness	nosurprise	nosurprise
song7-38	She's Just A Girl Who Claims That I Am The One	anger	surprise	noneutral	noneutral	anger	noanger	nodisgust	nodisgust	nofear	nofear	nojoy	nojoy	nosadness	nosadness	nosurprise	surprise
song7-39	But The Kid Is Not My Son	anger	anger	noneutral	noneutral	anger	anger	nodisgust	nodisgust	nofear	nofear	nojoy	nojoy	nosadness	nosadness	nosurprise	nosurprise
song7-40	"She Says I Am The One, But The Kid Is Not My Son"	anger	surprise	noneutral	noneutral	anger	noanger	nodisgust	nodisgust	nofear	nofear	nojoy	nojoy	nosadness	nosadness	nosurprise	surprise
song7-41	"She Says I Am The One, But The Kid Is Not My Son"	anger	surprise	noneutral	noneutral	anger	noanger	nodisgust	nodisgust	nofear	nofear	nojoy	nojoy	nosadness	nosadness	nosurprise	surprise
song7-42	Billie Jean Is Not My Lover	anger	anger	noneutral	noneutral	anger	anger	nodisgust	nodisgust	nofear	nofear	nojoy	nojoy	nosadness	nosadness	nosurprise	nosurprise
song7-43	She's Just A Girl Who Claims That I Am The One	anger	surprise	noneutral	noneutral	anger	noanger	nodisgust	nodisgust	nofear	nofear	nojoy	nojoy	nosadness	nosadness	nosurprise	surprise
song7-44	But The Kid Is Not My Son	anger	anger	noneutral	noneutral	anger	anger	nodisgust	nodisgust	nofear	nofear	nojoy	nojoy	nosadness	nosadness	nosurprise	nosurprise
song7-45	"She Says I Am The One, But The Kid Is Not My Son"	anger	surprise	noneutral	noneutral	anger	noanger	nodisgust	nodisgust	nofear	nofear	nojoy	nojoy	nosadness	nosadness	nosurprise	surprise
song7-46	"She Says I Am The One, She Says He Is My Son"	anger	surprise	noneutral	noneutral	anger	noanger	nodisgust	nodisgust	nofear	nofear	nojoy	nojoy	nosadness	nosadness	nosurprise	surprise
song7-47	She Says I Am The One	anger	surprise	noneutral	noneutral	anger	noanger	nodisgust	nodisgust	nofear	nofear	nojoy	nojoy	nosadness	nosadness	nosurprise	surprise
song7-48	Billie Jean Is Not My Lover	anger	anger	noneutral	noneutral	anger	anger	nodisgust	nodisgust	nofear	nofear	nojoy	nojoy	nosadness	nosadness	nosurprise	nosurprise
song7-49	Billie Jean Is Not My Lover	anger	anger	noneutral	noneutral	anger	anger	nodisgust	nodisgust	nofear	nofear	nojoy	nojoy	nosadness	nosadness	nosurprise	nosurprise
song7-50	Billie Jean Is Not My Lover	anger	anger	noneutral	noneutral	anger	anger	nodisgust	nodisgust	nofear	nofear	nojoy	nojoy	nosadness	nosadness	nosurprise	nosurprise
song7-51	Billie Jean Is Not My Lover	anger	anger	noneutral	noneutral	anger	anger	nodisgust	nodisgust	nofear	nofear	nojoy	nojoy	nosadness	nosadness	nosurprise	nosurprise
song7-52	Billie Jean Is Not My Lover	anger	anger	noneutral	noneutral	anger	anger	nodisgust	nodisgust	nofear	nofear	nojoy	nojoy	nosadness	nosadness	nosurprise	nosurprise
song7-53	Billie Jean Is Not My Lover	anger	anger	noneutral	noneutral	anger	anger	nodisgust	nodisgust	nofear	nofear	nojoy	nojoy	nosadness	nosadness	nosurprise	nosurprise
song8-01	Aah	neutral	neutral	neutral	neutral	noanger	noanger	nodisgust	nodisgust	nofear	nofear	nojoy	nojoy	nosadness	nosadness	nosurprise	nosurprise
song8-02	Buddy you're a boy make a big noise	joy	disgust	noneutral	noneutral	noanger	noanger	nodisgust	disgust	nofear	nofear	joy	nojoy	nosadness	nosadness	nosurprise	nosurprise
song8-03	Playin' in the street gonna be a big man some day	joy	disgust	noneutral	noneutral	noanger	noanger	nodisgust	disgust	nofear	nofear	joy	nojoy	nosadness	nosadness	nosurprise	nosurprise
song8-04	You got mud on yo' face	disgust	disgust	noneutral	noneutral	noanger	noanger	disgust	disgust	nofear	nofear	nojoy	nojoy	nosadness	nosadness	nosurprise	nosurprise
song8-05	You big disgrace	disgust	disgust	noneutral	noneutral	noanger	noanger	disgust	disgust	nofear	nofear	nojoy	nojoy	nosadness	nosadness	nosurprise	nosurprise
song8-06	Kickin' your can all over the place	disgust	disgust	noneutral	noneutral	noanger	noanger	disgust	disgust	nofear	nofear	nojoy	nojoy	nosadness	nosadness	nosurprise	nosurprise
song8-07	Singin'	neutral	joy	neutral	noneutral	noanger	noanger	nodisgust	nodisgust	nofear	nofear	nojoy	joy	nosadness	nosadness	nosurprise	nosurprise
song8-08	We will we will rock you	joy	joy	noneutral	noneutral	noanger	noanger	nodisgust	nodisgust	nofear	nofear	joy	joy	nosadness	nosadness	nosurprise	nosurprise
song8-09	We will we will rock you	joy	joy	noneutral	noneutral	noanger	noanger	nodisgust	nodisgust	nofear	nofear	joy	joy	nosadness	nosadness	nosurprise	nosurprise
song8-10	Buddy you're a young man hard man	joy	disgust	noneutral	noneutral	noanger	noanger	nodisgust	disgust	nofear	nofear	joy	nojoy	nosadness	nosadness	nosurprise	nosurprise
song8-11	Shouting in the street gonna take on the world some day	joy	disgust	noneutral	noneutral	noanger	noanger	nodisgust	disgust	nofear	nofear	joy	nojoy	nosadness	nosadness	nosurprise	nosurprise
song8-12	You got blood on yo' face	disgust	disgust	noneutral	noneutral	noanger	noanger	disgust	disgust	nofear	nofear	nojoy	nojoy	nosadness	nosadness	nosurprise	nosurprise
song8-13	You big disgrace	disgust	disgust	noneutral	noneutral	noanger	noanger	disgust	disgust	nofear	nofear	nojoy	nojoy	nosadness	nosadness	nosurprise	nosurprise
song8-14	Wavin' your banner all over the place	disgust	disgust	noneutral	noneutral	noanger	noanger	disgust	disgust	nofear	nofear	nojoy	nojoy	nosadness	nosadness	nosurprise	nosurprise
song8-15	We will we will rock you	joy	joy	noneutral	noneutral	noanger	noanger	nodisgust	nodisgust	nofear	nofear	joy	joy	nosadness	nosadness	nosurprise	nosurprise
song8-16	Sing it	joy	joy	noneutral	noneutral	noanger	noanger	nodisgust	nodisgust	nofear	nofear	joy	joy	nosadness	nosadness	nosurprise	nosurprise
song8-17	We will we will rock you	joy	joy	noneutral	noneutral	noanger	noanger	nodisgust	nodisgust	nofear	nofear	joy	joy	nosadness	nosadness	nosurprise	nosurprise
song8-18	Buddy you're an old man poor man	sadness	disgust	noneutral	noneutral	noanger	noanger	nodisgust	disgust	nofear	nofear	nojoy	nojoy	sadness	nosadness	nosurprise	nosurprise
song8-19	Pleadin' with your eyes gonna make	sadness	disgust	noneutral	noneutral	noanger	noanger	nodisgust	disgust	nofear	nofear	nojoy	nojoy	sadness	nosadness	nosurprise	nosurprise
song8-20	You some peace some day	sadness	disgust	noneutral	noneutral	noanger	noanger	nodisgust	disgust	nofear	nofear	nojoy	nojoy	sadness	nosadness	nosurprise	nosurprise
song8-21	You got mud on your face	disgust	disgust	noneutral	noneutral	noanger	noanger	disgust	disgust	nofear	nofear	nojoy	nojoy	nosadness	nosadness	nosurprise	nosurprise
song8-22	Big disgrace	disgust	disgust	noneutral	noneutral	noanger	noanger	disgust	disgust	nofear	nofear	nojoy	nojoy	nosadness	nosadness	nosurprise	nosurprise
song8-23	Somebody betta put you back into your place	anger	disgust	noneutral	noneutral	anger	noanger	nodisgust	disgust	nofear	nofear	nojoy	nojoy	nosadness	nosadness	nosurprise	nosurprise
song8-24	We will we will rock you	joy	joy	noneutral	noneutral	noanger	noanger	nodisgust	nodisgust	nofear	nofear	joy	joy	nosadness	nosadness	nosurprise	nosurprise
song8-25	Sing it	joy	joy	noneutral	noneutral	noanger	noanger	nodisgust	nodisgust	nofear	nofear	joy	joy	nosadness	nosadness	nosurprise	nosurprise
song8-26	We will we will rock you	joy	joy	noneutral	noneutral	noanger	noanger	nodisgust	nodisgust	nofear	nofear	joy	joy	nosadness	nosadness	nosurprise	nosurprise
song8-27	Everybody	neutral	neutral	neutral	neutral	noanger	noanger	nodisgust	nodisgust	nofear	nofear	nojoy	nojoy	nosadness	nosadness	nosurprise	nosurprise
song8-28	We will we will rock you	joy	joy	noneutral	noneutral	noanger	noanger	nodisgust	nodisgust	nofear	nofear	joy	joy	nosadness	nosadness	nosurprise	nosurprise
song8-29	We will we will rock you	joy	joy	noneutral	noneutral	noanger	noanger	nodisgust	nodisgust	nofear	nofear	joy	joy	nosadness	nosadness	nosurprise	nosurprise
song8-30	Alright	neutral	neutral	neutral	neutral	noanger	noanger	nodisgust	nodisgust	nofear	nofear	nojoy	nojoy	nosadness	nosadness	nosurprise	nosurprise
song9-01	She's got a smile that it seems to me	joy	joy	noneutral	noneutral	noanger	noanger	nodisgust	nodisgust	nofear	nofear	joy	joy	nosadness	nosadness	nosurprise	nosurprise
song9-02	Reminds me of childhood memories	joy	joy	noneutral	noneutral	noanger	noanger	nodisgust	nodisgust	nofear	nofear	joy	joy	nosadness	nosadness	nosurprise	nosurprise
song9-03	Where everything	joy	neutral	noneutral	neutral	noanger	noanger	nodisgust	nodisgust	nofear	nofear	joy	nojoy	nosadness	nosadness	nosurprise	nosurprise
song9-04	Was as fresh as the bright blue sky	joy	joy	noneutral	noneutral	noanger	noanger	nodisgust	nodisgust	nofear	nofear	joy	joy	nosadness	nosadness	nosurprise	nosurprise
song9-05	Now and then when I see her face	joy	neutral	noneutral	neutral	noanger	noanger	nodisgust	nodisgust	nofear	nofear	joy	nojoy	nosadness	nosadness	nosurprise	nosurprise
song9-06	She takes me away to that	joy	joy	noneutral	noneutral	noanger	noanger	nodisgust	nodisgust	nofear	nofear	joy	joy	nosadness	nosadness	nosurprise	nosurprise
song9-07	special place	joy	joy	noneutral	noneutral	noanger	noanger	nodisgust	nodisgust	nofear	nofear	joy	joy	nosadness	nosadness	nosurprise	nosurprise
song9-08	And if I stared too long	sadness	neutral	noneutral	neutral	noanger	noanger	nodisgust	nodisgust	nofear	nofear	nojoy	nojoy	sadness	nosadness	nosurprise	nosurprise
song9-09	I'd probably break down and cry	sadness	sadness	noneutral	noneutral	noanger	noanger	nodisgust	nodisgust	nofear	nofear	nojoy	nojoy	sadness	sadness	nosurprise	nosurprise
song9-10	Sweet child o' mine	joy	joy	noneutral	noneutral	noanger	noanger	nodisgust	nodisgust	nofear	nofear	joy	joy	nosadness	nosadness	nosurprise	nosurprise
song9-11	Sweet love of mine	joy	joy	noneutral	noneutral	noanger	noanger	nodisgust	nodisgust	nofear	nofear	joy	joy	nosadness	nosadness	nosurprise	nosurprise
song9-12	She's got eyes of the bluest skies	joy	joy	noneutral	noneutral	noanger	noanger	nodisgust	nodisgust	nofear	nofear	joy	joy	nosadness	nosadness	nosurprise	nosurprise
song9-13	As if they thought of rain	joy	neutral	noneutral	neutral	noanger	noanger	nodisgust	nodisgust	nofear	nofear	joy	nojoy	nosadness	nosadness	nosurprise	nosurprise
song9-14	I hate to look into those eyes	sadness	anger	noneutral	noneutral	noanger	anger	nodisgust	nodisgust	nofear	nofear	nojoy	nojoy	sadness	nosadness	nosurprise	nosurprise
song9-15	And see an ounce of pain	sadness	anger	noneutral	noneutral	noanger	anger	nodisgust	nodisgust	nofear	nofear	nojoy	nojoy	sadness	nosadness	nosurprise	nosurprise
song9-16	Her hair reminds me	joy	neutral	noneutral	neutral	noanger	noanger	nodisgust	nodisgust	nofear	nofear	joy	nojoy	nosadness	nosadness	nosurprise	nosurprise
song9-17	of a warm safe place	joy	joy	noneutral	noneutral	noanger	noanger	nodisgust	nodisgust	nofear	nofear	joy	joy	nosadness	nosadness	nosurprise	nosurprise
song9-18	Where as a child I'd hide	joy	fear	noneutral	noneutral	noanger	noanger	nodisgust	nodisgust	nofear	fear	joy	nojoy	nosadness	nosadness	nosurprise	nosurprise
song9-19	And pray for the thunder	fear	fear	noneutral	noneutral	noanger	noanger	nodisgust	nodisgust	fear	fear	nojoy	nojoy	nosadness	nosadness	nosurprise	nosurprise
song9-20	And the rain	fear	fear	noneutral	noneutral	noanger	noanger	nodisgust	nodisgust	fear	fear	nojoy	nojoy	nosadness	nosadness	nosurprise	nosurprise
song9-21	To quietly pass me by	fear	fear	noneutral	noneutral	noanger	noanger	nodisgust	nodisgust	fear	fear	nojoy	nojoy	nosadness	nosadness	nosurprise	nosurprise
song9-22	Sweet child o' mine	joy	joy	noneutral	noneutral	noanger	noanger	nodisgust	nodisgust	nofear	nofear	joy	joy	nosadness	nosadness	nosurprise	nosurprise
song9-23	Sweet love of mine	joy	joy	noneutral	noneutral	noanger	noanger	nodisgust	nodisgust	nofear	nofear	joy	joy	nosadness	nosadness	nosurprise	nosurprise
song9-24	Where do we go	fear	fear	noneutral	noneutral	noanger	noanger	nodisgust	nodisgust	fear	fear	nojoy	nojoy	nosadness	nosadness	nosurprise	nosurprise
song9-25	Where do we go now	fear	fear	noneutral	noneutral	noanger	noanger	nodisgust	nodisgust	fear	fear	nojoy	nojoy	nosadness	nosadness	nosurprise	nosurprise
song9-26	Where do we go	fear	fear	noneutral	noneutral	noanger	noanger	nodisgust	nodisgust	fear	fear	nojoy	nojoy	nosadness	nosadness	nosurprise	nosurprise
song9-27	Sweet child o' mine	joy	joy	noneutral	noneutral	noanger	noanger	nodisgust	nodisgust	nofear	nofear	joy	joy	nosadness	nosadness	nosurprise	nosurprise
song10-01	YOU	neutral	neutral	neutral	neutral	noanger	noanger	nodisgust	nodisgust	nofear	nofear	nojoy	nojoy	nosadness	nosadness	nosurprise	nosurprise
song10-02	YOU HAVE	neutral	neutral	neutral	neutral	noanger	noanger	nodisgust	nodisgust	nofear	nofear	nojoy	nojoy	nosadness	nosadness	nosurprise	nosurprise
song10-03	YOU GOT ME	neutral	neutral	neutral	neutral	noanger	noanger	nodisgust	nodisgust	nofear	nofear	nojoy	nojoy	nosadness	nosadness	nosurprise	nosurprise
song10-04	YOU ASKED ME	neutral	neutral	neutral	neutral	noanger	noanger	nodisgust	nodisgust	nofear	nofear	nojoy	nojoy	nosadness	nosadness	nosurprise	nosurprise
song10-05	YOU ASKED ME AND I DID NOT SAY ANYTHING	sadness	anger	noneutral	noneutral	noanger	anger	nodisgust	nodisgust	nofear	nofear	nojoy	nojoy	sadness	nosadness	nosurprise	nosurprise
song10-06	WILL YOU UNTIL DEATH DO YOU PART	sadness	sadness	noneutral	noneutral	noanger	noanger	nodisgust	nodisgust	nofear	nofear	nojoy	nojoy	sadness	sadness	nosurprise	nosurprise
song10-07	BE FAITHFUL TO HER FOR ALL DAYS	sadness	neutral	noneutral	neutral	noanger	noanger	nodisgust	nodisgust	nofear	nofear	nojoy	nojoy	sadness	nosadness	nosurprise	nosurprise
song10-08	NO	neutral	neutral	neutral	neutral	noanger	noanger	nodisgust	nodisgust	nofear	nofear	nojoy	nojoy	nosadness	nosadness	nosurprise	nosurprise
song10-09	"DO YOU WANT, UNTIL DEATH SEPARATES YOU"	sadness	sadness	noneutral	noneutral	noanger	noanger	nodisgust	nodisgust	nofear	nofear	nojoy	nojoy	sadness	sadness	nosurprise	nosurprise
song10-10	THEY LOVE EVEN IN BAD DAYS	sadness	sadness	noneutral	noneutral	noanger	noanger	nodisgust	nodisgust	nofear	nofear	nojoy	nojoy	sadness	sadness	nosurprise	nosurprise
song10-11	NO	neutral	neutral	neutral	neutral	noanger	noanger	nodisgust	nodisgust	nofear	nofear	nojoy	nojoy	nosadness	nosadness	nosurprise	nosurprise
